{
    "accuracy": 0.9880201765447667,
    "classification_report": {
        "0": {
            "precision": 1.0,
            "recall": 1.0,
            "f1-score": 1.0,
            "support": 561
        },
        "1": {
            "precision": 0.9763113367174281,
            "recall": 1.0,
            "f1-score": 0.988013698630137,
            "support": 577
        },
        "2": {
            "precision": 0.9822485207100592,
            "recall": 0.9485714285714286,
            "f1-score": 0.9651162790697676,
            "support": 175
        },
        "3": {
            "precision": 0.9891304347826086,
            "recall": 0.9191919191919192,
            "f1-score": 0.9528795811518325,
            "support": 99
        },
        "4": {
            "precision": 0.9942196531791907,
            "recall": 0.9885057471264368,
            "f1-score": 0.9913544668587896,
            "support": 174
        },
        "accuracy": 0.9880201765447667,
        "macro avg": {
            "precision": 0.9883819890778573,
            "recall": 0.9712538189779568,
            "f1-score": 0.9794728051421053,
            "support": 1586
        },
        "weighted avg": {
            "precision": 0.9881105076335901,
            "recall": 0.9880201765447667,
            "f1-score": 0.9879003838047034,
            "support": 1586
        }
    },
    "confusion_matrix": [
        [
            561,
            0,
            0,
            0,
            0
        ],
        [
            0,
            577,
            0,
            0,
            0
        ],
        [
            0,
            9,
            166,
            0,
            0
        ],
        [
            0,
            4,
            3,
            91,
            1
        ],
        [
            0,
            1,
            0,
            1,
            172
        ]
    ]
}